CHROM,POS,REF,ALT,CHR,SVLEN,CSQ.1,Type_of_Variant,CSQ.3,Gene,Symbol,Feature type,Feature,Biotype,Exon,Intron,HGVSc,HGVSp,cDNA position,CDS position,Protein position,Amino_acid_change,Codon,CSQ.18,CSQ.19,CSQ.20,CSQ.21,CSQ.22,CSQ.23,CSQ.24
16,2606971,A,G,?,?,G,missense_variant,MODERATE,BF2,ENSGALG00000041380,Transcript,ENSGALT00000079478,protein_coding,8/8,,,,1138,1064,355,I/T,aTc/aCc,,,-1.0,,EntrezGene,,deleterious(0)
16,2606972,T,C,?,?,C,missense_variant,MODERATE,BF2,ENSGALG00000041380,Transcript,ENSGALT00000079478,protein_coding,8/8,,,,1137,1063,355,I/V,Atc/Gtc,,,-1.0,,EntrezGene,,tolerated(0.69)
16,2607151,G,A,?,?,A,missense_variant,MODERATE,BF2,ENSGALG00000041380,Transcript,ENSGALT00000079478,protein_coding,7/8,,,,1114,1040,347,S/L,tCg/tTg,,,-1.0,,EntrezGene,,tolerated(0.09)
16,2607163,C,A,?,?,A,missense_variant,MODERATE,BF2,ENSGALG00000041380,Transcript,ENSGALT00000079478,protein_coding,7/8,,,,1102,1028,343,G/V,gGa/gTa,,,-1.0,,EntrezGene,,deleterious(0.04)
16,2607166,C,T,?,?,T,missense_variant,MODERATE,BF2,ENSGALG00000041380,Transcript,ENSGALT00000079478,protein_coding,7/8,,,,1099,1025,342,G/D,gGt/gAt,,,-1.0,,EntrezGene,,tolerated(0.28)
16,2607172,C,T,?,?,T,missense_variant,MODERATE,BF2,ENSGALG00000041380,Transcript,ENSGALT00000079478,protein_coding,7/8,,,,1093,1019,340,R/K,aGg/aAg,,,-1.0,,EntrezGene,,tolerated(0.78)
16,2607355,T,G,?,?,G,missense_variant,MODERATE,BF2,ENSGALG00000041380,Transcript,ENSGALT00000079478,protein_coding,6/8,,,,1069,995,332,K/T,aAg/aCg,,,-1.0,,EntrezGene,,tolerated(0.05)
16,2607358,C,T,?,?,T,missense_variant,MODERATE,BF2,ENSGALG00000041380,Transcript,ENSGALT00000079478,protein_coding,6/8,,,,1066,992,331,G/E,gGg/gAg,,,-1.0,,EntrezGene,,tolerated(1)
16,2607494,G,A,?,?,A,missense_variant,MODERATE,BF2,ENSGALG00000041380,Transcript,ENSGALT00000079478,protein_coding,5/8,,,,1047,973,325,R/C,Cgc/Tgc,,,-1.0,,EntrezGene,,tolerated(0.18)
16,2607524,C,T,?,?,T,missense_variant,MODERATE,BF2,ENSGALG00000041380,Transcript,ENSGALT00000079478,protein_coding,5/8,,,,1017,943,315,V/M,Gtg/Atg,,,-1.0,,EntrezGene,,tolerated(0.15)
16,2607559,G,A,?,?,A,missense_variant,MODERATE,BF2,ENSGALG00000041380,Transcript,ENSGALT00000079478,protein_coding,5/8,,,,982,908,303,A/V,gCg/gTg,,,-1.0,,EntrezGene,,tolerated(1)
16,2607671,G,A,?,?,A,missense_variant,MODERATE,BF2,ENSGALG00000041380,Transcript,ENSGALT00000079478,protein_coding,4/8,,,,943,869,290,S/L,tCg/tTg,,,-1.0,,EntrezGene,,tolerated(0.1)
16,2607681,C,T,?,?,T,missense_variant,MODERATE,BF2,ENSGALG00000041380,Transcript,ENSGALT00000079478,protein_coding,4/8,,,,933,859,287,G/S,Ggc/Agc,,,-1.0,,EntrezGene,,tolerated(0.33)
16,2607699,C,T,?,?,T,missense_variant,MODERATE,BF2,ENSGALG00000041380,Transcript,ENSGALT00000079478,protein_coding,4/8,,,,915,841,281,A/T,Gcc/Acc,,,-1.0,,EntrezGene,,tolerated(0.47)
16,2607743,G,A,?,?,A,missense_variant,MODERATE,BF2,ENSGALG00000041380,Transcript,ENSGALT00000079478,protein_coding,4/8,,,,871,797,266,A/V,gCg/gTg,,,-1.0,,EntrezGene,,tolerated(1)
16,2607779,C,T,?,?,T,missense_variant,MODERATE,BF2,ENSGALG00000041380,Transcript,ENSGALT00000079478,protein_coding,4/8,,,,835,761,254,G/D,gGc/gAc,,,-1.0,,EntrezGene,,deleterious(0.01)
16,2607780,C,T,?,?,T,missense_variant,MODERATE,BF2,ENSGALG00000041380,Transcript,ENSGALT00000079478,protein_coding,4/8,,,,834,760,254,G/S,Ggc/Agc,,,-1.0,,EntrezGene,,tolerated(1)
16,2607789,C,T,?,?,T,missense_variant,MODERATE,BF2,ENSGALG00000041380,Transcript,ENSGALT00000079478,protein_coding,4/8,,,,825,751,251,V/M,Gtg/Atg,,,-1.0,,EntrezGene,,deleterious(0.03)
16,2607802,C,G,?,?,G,missense_variant,MODERATE,BF2,ENSGALG00000041380,Transcript,ENSGALT00000079478,protein_coding,4/8,,,,812,738,246,Q/H,caG/caC,,,-1.0,,EntrezGene,,tolerated(0.86)
16,2607807,C,T,?,?,T,missense_variant,MODERATE,BF2,ENSGALG00000041380,Transcript,ENSGALT00000079478,protein_coding,4/8,,,,807,733,245,A/T,Gcc/Acc,,,-1.0,,EntrezGene,,tolerated(1)
16,2607815,C,T,?,?,T,missense_variant,MODERATE,BF2,ENSGALG00000041380,Transcript,ENSGALT00000079478,protein_coding,4/8,,,,799,725,242,G/D,gGc/gAc,,,-1.0,,EntrezGene,,tolerated(1)
16,2607818,C,T,?,?,T,missense_variant,MODERATE,BF2,ENSGALG00000041380,Transcript,ENSGALT00000079478,protein_coding,4/8,,,,796,722,241,R/Q,cGg/cAg,,,-1.0,,EntrezGene,,tolerated(0.49)
16,2607824,G,A,?,?,A,missense_variant,MODERATE,BF2,ENSGALG00000041380,Transcript,ENSGALT00000079478,protein_coding,4/8,,,,790,716,239,A/V,gCg/gTg,,,-1.0,,EntrezGene,,tolerated(0.21)
16,2607825,C,T,?,?,T,missense_variant,MODERATE,BF2,ENSGALG00000041380,Transcript,ENSGALT00000079478,protein_coding,4/8,,,,789,715,239,A/T,Gcg/Acg,,,-1.0,,EntrezGene,,tolerated(0.16)
16,2607903,C,T,?,?,T,missense_variant,MODERATE,BF2,ENSGALG00000041380,Transcript,ENSGALT00000079478,protein_coding,4/8,,,,711,637,213,D/N,Gac/Aac,,,-1.0,,EntrezGene,,tolerated(0.25)
16,2607923,C,T,?,?,T,missense_variant,MODERATE,BF2,ENSGALG00000041380,Transcript,ENSGALT00000079478,protein_coding,4/8,,,,691,617,206,R/Q,cGa/cAa,,,-1.0,,EntrezGene,,deleterious(0.05)
16,2607930,C,T,?,?,T,missense_variant,MODERATE,BF2,ENSGALG00000041380,Transcript,ENSGALT00000079478,protein_coding,4/8,,,,684,610,204,E/K,Gag/Aag,,,-1.0,,EntrezGene,,tolerated(0.13)
16,2608061,C,T,?,?,T,missense_variant,MODERATE,BF2,ENSGALG00000041380,Transcript,ENSGALT00000079478,protein_coding,3/8,,,,651,577,193,G/R,Ggg/Agg,,,-1.0,,EntrezGene,,deleterious(0.01)
16,2608084,C,G,?,?,G,missense_variant,MODERATE,BF2,ENSGALG00000041380,Transcript,ENSGALT00000079478,protein_coding,3/8,,,,628,554,185,W/S,tGg/tCg,,,-1.0,,EntrezGene,,tolerated(0.09)
16,2608085,A,C,?,?,C,missense_variant,MODERATE,BF2,ENSGALG00000041380,Transcript,ENSGALT00000079478,protein_coding,3/8,,,,627,553,185,W/G,Tgg/Ggg,,,-1.0,,EntrezGene,,tolerated(0.15)
16,2608095,GG,TC,?,?,TC,missense_variant,MODERATE,BF2,ENSGALG00000041380,Transcript,ENSGALT00000079478,protein_coding,3/8,,,,616-617,542-543,181,T/R,aCC/aGA,,,-1.0,,EntrezGene,,deleterious(0.02)
16,2608195,G,A,?,?,A,missense_variant,MODERATE,BF2,ENSGALG00000041380,Transcript,ENSGALT00000079478,protein_coding,3/8,,,,517,443,148,T/M,aCg/aTg,,,-1.0,,EntrezGene,,tolerated(0.08)
16,2608196,T,C,?,?,C,missense_variant,MODERATE,BF2,ENSGALG00000041380,Transcript,ENSGALT00000079478,protein_coding,3/8,,,,516,442,148,T/A,Acg/Gcg,,,-1.0,,EntrezGene,,deleterious(0.03)
16,2608215,G,T,?,?,T,missense_variant,MODERATE,BF2,ENSGALG00000041380,Transcript,ENSGALT00000079478,protein_coding,3/8,,,,497,423,141,F/L,ttC/ttA,,,-1.0,,EntrezGene,,deleterious(0.03)
16,2608259,T,G,?,?,G,missense_variant,MODERATE,BF2,ENSGALG00000041380,Transcript,ENSGALT00000079478,protein_coding,3/8,,,,453,379,127,T/P,Acc/Ccc,,,-1.0,,EntrezGene,,deleterious(0.03)
16,2608267,T,C,?,?,C,missense_variant,MODERATE,BF2,ENSGALG00000041380,Transcript,ENSGALT00000079478,protein_coding,3/8,,,,445,371,124,E/G,gAg/gGg,,,-1.0,,EntrezGene,,tolerated(0.11)
16,2608286,A,T,?,?,T,missense_variant,MODERATE,BF2,ENSGALG00000041380,Transcript,ENSGALT00000079478,protein_coding,3/8,,,,426,352,118,S/T,Tcc/Acc,,,-1.0,,EntrezGene,,deleterious(0.01)
16,2608297,A,G,?,?,G,missense_variant,MODERATE,BF2,ENSGALG00000041380,Transcript,ENSGALT00000079478,protein_coding,3/8,,,,415,341,114,V/A,gTg/gCg,,,-1.0,,EntrezGene,,tolerated(0.22)
16,2608554,A,G,?,?,G,missense_variant,MODERATE,BF2,ENSGALG00000041380,Transcript,ENSGALT00000079478,protein_coding,2/8,,,,387,313,105,Y/H,Tac/Cac,,,-1.0,,EntrezGene,,deleterious(0.01)
16,2608556,C,T,?,?,T,missense_variant,MODERATE,BF2,ENSGALG00000041380,Transcript,ENSGALT00000079478,protein_coding,2/8,,,,385,311,104,R/H,cGc/cAc,,,-1.0,,EntrezGene,,tolerated(0.06)
16,2608559,C,T,?,?,T,missense_variant,MODERATE,BF2,ENSGALG00000041380,Transcript,ENSGALT00000079478,protein_coding,2/8,,,,382,308,103,R/Q,cGg/cAg,,,-1.0,,EntrezGene,,tolerated(0.33)
16,2608562,C,T,?,?,T,missense_variant,MODERATE,BF2,ENSGALG00000041380,Transcript,ENSGALT00000079478,protein_coding,2/8,,,,379,305,102,R/Q,cGg/cAg,,,-1.0,,EntrezGene,,tolerated(0.34)
16,2608568,A,G,?,?,G,missense_variant,MODERATE,BF2,ENSGALG00000041380,Transcript,ENSGALT00000079478,protein_coding,2/8,,,,373,299,100,I/T,aTa/aCa,,,-1.0,,EntrezGene,,tolerated(1)
16,2608571,T,C,?,?,C,missense_variant,MODERATE,BF2,ENSGALG00000041380,Transcript,ENSGALT00000079478,protein_coding,2/8,,,,370,296,99,D/G,gAc/gGc,,,-1.0,,EntrezGene,,tolerated(0.49)
16,2608580,T,C,?,?,C,missense_variant,MODERATE,BF2,ENSGALG00000041380,Transcript,ENSGALT00000079478,protein_coding,2/8,,,,361,287,96,E/G,gAg/gGg,,,-1.0,,EntrezGene,,tolerated(0.49)
16,2608583,C,T,?,?,T,missense_variant,MODERATE,BF2,ENSGALG00000041380,Transcript,ENSGALT00000079478,protein_coding,2/8,,,,358,284,95,R/H,cGc/cAc,,,-1.0,,EntrezGene,,tolerated(0.08)
16,2608584,G,T,?,?,T,missense_variant,MODERATE,BF2,ENSGALG00000041380,Transcript,ENSGALT00000079478,protein_coding,2/8,,,,357,283,95,R/S,Cgc/Agc,,,-1.0,,EntrezGene,,tolerated(0.12)
16,2608609,G,C,?,?,C,missense_variant,MODERATE,BF2,ENSGALG00000041380,Transcript,ENSGALT00000079478,protein_coding,2/8,,,,332,258,86,I/M,atC/atG,,,-1.0,,EntrezGene,,tolerated(0.27)
16,2608619,T,A,?,?,A,missense_variant,MODERATE,BF2,ENSGALG00000041380,Transcript,ENSGALT00000079478,protein_coding,2/8,,,,322,248,83,E/V,gAg/gTg,,,-1.0,,EntrezGene,,tolerated(0.06)
16,2608620,C,G,?,?,G,missense_variant,MODERATE,BF2,ENSGALG00000041380,Transcript,ENSGALT00000079478,protein_coding,2/8,,,,321,247,83,E/Q,Gag/Cag,,,-1.0,,EntrezGene,,tolerated(1)
16,2608623,TG,CA,?,?,CA,missense_variant,MODERATE,BF2,ENSGALG00000041380,Transcript,ENSGALT00000079478,protein_coding,2/8,,,,317-318,243-244,81-82,DR/DG,gaCAga/gaTGga,,,-1.0,,EntrezGene,,
16,2608626,C,T,?,?,T,missense_variant,MODERATE,BF2,ENSGALG00000041380,Transcript,ENSGALT00000079478,protein_coding,2/8,,,,315,241,81,D/N,Gac/Aac,,,-1.0,,EntrezGene,,deleterious(0.02)
16,2608679,C,G,?,?,G,missense_variant,MODERATE,BF2,ENSGALG00000041380,Transcript,ENSGALT00000079478,protein_coding,2/8,,,,262,188,63,R/T,aGg/aCg,,,-1.0,,EntrezGene,,tolerated(0.1)
16,2608703,A,G,?,?,G,missense_variant,MODERATE,BF2,ENSGALG00000041380,Transcript,ENSGALT00000079478,protein_coding,2/8,,,,238,164,55,M/T,aTg/aCg,,,-1.0,,EntrezGene,,tolerated(0.4)
16,2608704,T,C,?,?,C,missense_variant,MODERATE,BF2,ENSGALG00000041380,Transcript,ENSGALT00000079478,protein_coding,2/8,,,,237,163,55,M/V,Atg/Gtg,,,-1.0,,EntrezGene,,tolerated(1)
16,2608739,A,T,?,?,T,missense_variant,MODERATE,BF2,ENSGALG00000041380,Transcript,ENSGALT00000079478,protein_coding,2/8,,,,202,128,43,F/Y,tTc/tAc,,,-1.0,,EntrezGene,,tolerated(0.07)
16,2608748,A,T,?,?,T,missense_variant,MODERATE,BF2,ENSGALG00000041380,Transcript,ENSGALT00000079478,protein_coding,2/8,,,,193,119,40,L/Q,cTg/cAg,,,-1.0,,EntrezGene,,tolerated(0.08)
16,2608782,T,C,?,?,C,missense_variant,MODERATE,BF2,ENSGALG00000041380,Transcript,ENSGALT00000079478,protein_coding,2/8,,,,159,85,29,I/V,Atc/Gtc,,,-1.0,,EntrezGene,,deleterious(0.03)
16,2608929,C,T,?,?,T,missense_variant,MODERATE,BF2,ENSGALG00000041380,Transcript,ENSGALT00000079478,protein_coding,1/8,,,,129,55,19,A/T,Gcg/Acg,,,-1.0,,EntrezGene,,tolerated(0.05)
16,2608962,C,G,?,?,G,missense_variant,MODERATE,BF2,ENSGALG00000041380,Transcript,ENSGALT00000079478,protein_coding,1/8,,,,96,22,8,G/R,Ggc/Cgc,,,-1.0,,EntrezGene,,tolerated(0.16)
16,2608965,G,C,?,?,C,missense_variant,MODERATE,BF2,ENSGALG00000041380,Transcript,ENSGALT00000079478,protein_coding,1/8,,,,93,19,7,L/V,Ctg/Gtg,,,-1.0,,EntrezGene,,tolerated_low_confidence(0.27)
16,2608980,C,G,?,?,G,missense_variant,MODERATE,BF2,ENSGALG00000041380,Transcript,ENSGALT00000079478,protein_coding,1/8,,,,78,4,2,G/R,Ggc/Cgc,,,-1.0,,EntrezGene,,tolerated_low_confidence(0.17)
